USE sushi_house;

INSERT INTO catalogs( name ) VALUES
('Суши'),
('Wok'),
('Салаты'),
('Напитки');

INSERT INTO products(name, desription, price, catalog_id) VALUES
('Акаи Маки','Рис, нори, креветка, огурец, икра тобико, сыр творожный, тунец.','15', '1'),
('Бонито Маки','Рис, нори, форель, авокадо, сыр творожный, стружка тунца.','10', '1'),
('Калифорния Маки','Рис, нори, крабовые палочки, авокадо, огурец, майонез, икра тобико.','12', '1'),
('Лапша рисовая с овощами','Лапша рисовая, перец болгарский, морковь, фасоль стручковая, соус на выбор.','4.5', '2'),
('Лапша яичная с овощами','Лапша яичная, перец болгарский, морковь, фасоль стручковая, соус на выбор.','3.5', '2'),
('Рис с овощами','Рис, перец болгарский, морковь, фасоль стручковая, соус на выбор.','3.2', '2'),
('Карпаччо из телятины','Телятина, сыр Пармезан, листья салата, заправка, лимон.','8', '3'),
('Салат Греческий','Листья салата, томаты свежие, перец болгарский, огурец свежий, маслины, лук репчатый, сыр Брынза, заправка.','5.5', '3'),
('Салат Цезарь','Листья салата, томаты свежие, филе куриное жареное, сыр Пармезан, соус Цезарь, сухарики, яйцо.','5.9', '3'),
('Спрайт','безалкогольный напиток.','1.8', '4'),
('Кока-Кола','безалкогольный напиток.','1.8', '4'),
('Фанта Апельсин','безалкогольный напиток.','1.8', '4');


INSERT INTO  storehouses(product_id, value) values
('1', '120'),
('2', '115'),
('3', '155'),
('4', '40'),
('5', '32'),
('6', '35'),
('7', '15'),
('8', '9'),
('9', '12'),
('10', '60'),
('11', '52'),
('12', '36');

INSERT INTO users(first_name,  last_name, birthday_at, phone_number, street, house, apartment) values
('Сргей','Зайцев', '2003-07-09', '7374071116', 'Рижская','29','105'),
('Гиоргий', 'Федюкин', '1996-05-23', '7374075674', 'Кирова','56','12'),
('Алина', 'Капытин', '2006-12-25', '7374452174', 'Кирова','25','123'),
('Жанна', 'Зверев', '2001-06-12', '7374455713', 'Миронова','18','56'),
('Алина', 'Коваль', '1999-01-03', '7374478275', 'Ленина','3','5'),
('Владимир', 'Иванов', '1985-12-05', '7374495462', 'Рижская','23','105');


INSERT INTO courier_info(first_name, last_name, phone_number, delivery_type) values
('Александр', 'Иванов', '7374456278', 'Велосипед'),
('Иван', 'Петров', '7374623587', 'Машина'),
('Петро', 'Кирилов', '7374623548', 'Велосипед'),
('Олег', 'Ростов', '7374623549', 'Машина');


INSERT INTO discounts(user_id, product_id, discount, started_at, finished_at) values
('1', '2', '0.4', '2021-06-01', '2021-06-10'),
('1', '4', '0.4', '2021-06-01', '2021-06-10'),
('1', '11', '0.4', '2021-06-01', '2021-06-10'),
('3', '7', '0.4', '2021-06-01', '2021-06-10'),
('3', '10', '0.4', '2021-06-01', '2021-06-10'),
('5', '1', '0.4', '2021-06-01', '2021-06-10'),
('5', '9', '0.4', '2021-06-01', '2021-06-10'),
('2', '5', '0.4', '2021-06-01', '2021-06-10'),
('2', '11', '0.4', '2021-06-01', '2021-06-10');


INSERT INTO orders(user_id, courier_id, status) VALUES
('1', '2','Доставлен'),
('3', '4', 'Доставляется'),
('2', '3', 'Доставляется'),
('4', '1', 'Отменён');


INSERT INTO  orders_products(order_id,  product_id, total) VALUES
('1', '2', '2'),
('1', '4', '1'),
('1', '11', '2'),
('2', '7', '1'),
('2', '10', '1'),
('3', '1', '1'),
('3', '9', '2'),
('4', '5', '2'),
('4', '11', '2');


INSERT INTO cooks(first_name, last_name, phone_number) values
('Александр', 'Петров', '7374456249'),
('Иван', 'Иванов', '7374662354'),
('Петро', 'Ростов', '7374601546'),
('Олег', 'Кирилов', '7374641267');


INSERT INTO  cooks_products(product_id, cooks_id, total) VALUES
('1', '1', '170'),
('2', '1', '120'),
('3', '2', '106'),
('4', '3', '32'),
('5', '4', '39'),
('6', '3', '43'),
('7', '4', '15'),
('8', '1', '18'),
('9', '4', '12');

INSERT INTO  likes_products(product_id, user_id, vote) VALUES
('1', '1', 1),
('2', '1', 1),
('3', '2', 0),
('4', '2', 1),
('5', '3', 0),
('6', '3', 1),
('7', '4', 0),
('8', '4', 1),
('9', '4', 1),
('1', '3', 1),
('2', '5', 1),
('3', '6', 0),
('4', '2', 1),
('5', '1', 0),
('6', '4', 1),
('7', '2', 0),
('8', '2', 1),
('9', '6', 1),
('1', '1', 1),
('2', '1', 1),
('3', '3', 0),
('4', '2', 1),
('5', '3', 0),
('6', '2', 1),
('7', '4', 0),
('8', '1', 1),
('9', '1', 1);

INSERT INTO  likes_cooks(cook_id, user_id, vote) VALUES
('1', '1', 1),
('2', '1', 1),
('3', '2', 0),
('4', '2', 1),
('3', '3', 0),
('4', '3', 1),
('1', '4', 0),
('2', '4', 1),
('2', '4', 1),
('1', '3', 1),
('2', '5', 1),
('3', '6', 0),
('4', '2', 1),
('4', '1', 0),
('3', '4', 1),
('2', '2', 0),
('3', '2', 1),
('4', '6', 1),
('1', '1', 1),
('2', '1', 1),
('3', '3', 0),
('4', '2', 1),
('1', '3', 0),
('1', '2', 1),
('2', '4', 0),
('4', '1', 1),
('3', '1', 1);

INSERT INTO  likes_courier(courier_id, user_id, vote) VALUES
('1', '1', 1),
('2', '1', 1),
('3', '2', 0),
('4', '2', 1),
('3', '3', 0),
('4', '3', 1),
('1', '4', 0),
('2', '4', 1),
('2', '4', 1),
('1', '3', 1),
('2', '5', 1),
('3', '6', 0),
('4', '2', 1),
('4', '1', 0),
('3', '4', 1),
('2', '2', 0),
('3', '2', 1),
('4', '6', 1),
('1', '1', 1),
('2', '1', 1),
('3', '3', 0),
('4', '2', 1),
('1', '3', 0),
('1', '2', 1),
('2', '4', 0),
('4', '1', 1),
('3', '1', 1);


























































